{
  "train": {
    "MSE": 0.00021275682956911623,
    "RMSE": 0.014586186258550116,
    "MAE": 0.007462949492037296,
    "R2": 0.997466504573822,
    "MAPE": 39.923561096191406
  },
  "test": {
    "MSE": 0.0004727488267235458,
    "RMSE": 0.021742787924356567,
    "MAE": 0.016773458570241928,
    "R2": 0.8566319942474365,
    "MAPE": 12.596561431884766
  }
}